id,name
0,Andrea Sloan
1,Jessie Jack
2,Laverne Pons
3,Paul Lassiter
4,Mark Sipos
5,Enrique Long
6,Eva Allen
7,Brandi Shields
8,Mark Austin
9,Jean Bernard
10,Stephanie Holmes
11,Christine Miranda
12,Gladys Delacruz
13,Teresa Cooper
14,Sheena Calbert
15,Cindy Owen
16,Christine Apolo
17,Gary Yarbrough
18,William Bearden
19,Steven Barker
20,Maria Mccallister
21,Heidi Bueti
22,Clayton Perkins
23,Billie Knauf
24,Harold Deltoro
25,William Pierce
26,Alison Eagan
27,David Benson
28,Elizabeth Mcdonald
29,Gary Dickson
30,Preston Price
31,Michelle Johnson
32,Nicola Schaaf
33,Mary Mcclain
34,Donna Jordan
35,Darin Schmidt
36,Wilda Lee
37,Larry Wood
38,Edgar Haddox
39,Mary Landefeld
40,Olivia Huggins
41,Shawn Burbridge
42,Glenn Perez
43,Samuel Thayer
44,Archie Cordova
45,William Roy
46,Riley Sanchez
47,Catherine Coats
48,Linda Berg
49,Luis Kelly
50,Martin Peeler
51,David Tirado
52,William James
53,Bernard Ciresi
54,Paula Weidler
55,Edward Daniel
56,Charles Marmolejo
57,Shawn Zacharias
58,Carl Hedley
59,Monica Phillips
60,John Coker
61,Angela Rojas
62,Jeff Carmack
63,Victor Harris
64,Rocky Chavez
65,Phil Bennett
66,Kim Mccartney
67,Michael Belcher
68,Dewitt Peterson
69,Kevin Lindsey
70,Ernest Kawamura
71,Gerardo Garcia
72,Sharon Abbott
73,Ann Hatton
74,Karen Foster
75,Maria Ponce
76,Ruby Gaylord
77,Michael Markham
78,Paulene Gleason
79,Maria Machesky
80,Teresa Caroll
81,Sarah Henderson
82,Linda Gearing
83,Albert Maxwell
84,Arthur Pagano
85,Lisa Sutton
86,Elizabeth Faulkner
87,Anthony Shortell
88,Salvador Hinrichs
89,Cynthia Mcmillian
90,Maxine Jackson
91,Roy Camper
92,Pedro Maillet
93,Julius Salvage
94,Patsy Whicker
95,Wendy Stewart
96,Paul Denison
97,Crystal Cabrera
98,Felicita Agosto
99,Eric Schulz
100,Katie Dupre
101,James Blackwell
102,Sheila Liggins
103,James Caldwell
104,Edward Anderson
105,Randall French
106,Patrick Sanders
107,Dawn Sutton
108,Vincent Dibble
109,Robert Schon
110,Vicky Pham
111,Mark Stratton
112,Zula Howe
113,Paulette Kopple
114,Rebecca Prater
115,Beth Ortiz
116,Adrienne Pinegar
117,John Victory
118,Michael Robertson
119,Elizabeth Hill
120,Jennifer Nelson
121,Imogene Montgomery
122,Ronald Gonzales
123,Alexander Blackwell
124,David Locke
125,John Alvarez
126,Jarrod Sparks
127,Jennifer Chancey
128,Shawn Marquis
129,Amanda Thompson
130,Charles Allard
131,James Owen
132,Joe Robinson
133,Mary Molina
134,Bettie Plato
135,Sung Born
136,Andres Davis
137,Michaela Haven
138,Merry Medina
139,Heidi Shields
140,Gilbert Day
141,Jerry Cavender
142,Peter Delacruz
143,Elva Jones
144,David Guild
145,Denise Patterson
146,Cynthia Mullane
147,Jonathan Rankin
148,Kaitlyn Gentry
149,Ralph Grant
150,Vicki Tennyson
151,Madonna Turner
152,George Marino
153,Martin Sullivan
154,Luis Plunkett
155,Tiffany Smart
156,Heather Guay
157,Araceli Harris
158,Desiree Silva
159,Kevin Thompson
160,James Mccray
161,Claude Zollinger
162,Johnnie Hawkins
163,Cody Frantz
164,David Humiston
165,Christopher Miller
166,Joshua Fentress
167,Ted King
168,Jose Bernstein
169,Alan Torres
170,Brian Kidd
171,Gene Smith
172,Lynn Perry
173,Edith Gotto
174,James Roberson
175,Bernice Short
176,Cornelia Buckman
177,Gloria Seth
178,Valentina Barnett
179,John Casiano
