id_user,name
0,Kenneth Jackson
1,Patricia Massey
2,Jan Lyons
3,Alice Neal
4,Jennifer Adams
5,Steven Morrell
6,David Mclellan
7,Coleman Anderson
8,Edgar Hayek
9,Susan Young
10,Neil Brim
11,Sean Bell
12,Jose Weidler
13,Linda Williamson
14,Carol Thompson
15,Jeff Mcdaniel
16,Lola Gookin
17,Martha Thomas
18,Phyllis Mary
19,Marcella Hadden
20,Tiffany Slater
21,Carlos Crowley
22,Everett Walker
23,Mike Vasquez
24,Anthony Bass
25,Bruce Diefenderfer
26,Charles Davis
27,Karen Dean
28,John Miller
29,George Juel
30,Arlene Ferguson
31,John Dickerson
32,Cynthia Coplan
33,Esther Duggan
34,Frank Ancira
35,Joseph Nelson
36,Veronica Beason
37,Antonia Bassi
38,Timothy Boswell
39,Steven Brake
40,Carolyn Green
41,Bruce Webb
42,Alex Miller
43,Helen Trotter
44,Robin Welch
45,Rosina Turrie
46,Kathleen Price
47,Richard Reynolds
48,James Mack
49,Irene Lopez
50,Julianne Lopez
51,Gladys Pursley
52,Elisabeth Triplett
53,Patrick Harris
54,Thomas Usher
55,Patrice Workman
56,Emma Patel
57,Craig Furr
58,Maria Caras
59,Andres Moore
60,Thomas Jackson
61,Ashley Mccormick
62,Arthur Dizon
63,Gilberto Splatt
64,Robert Dillard
65,Sharon Nguyen
66,Elizabeth Newman
67,Richard Rojas
68,Carol Stroud
69,Kathy Wood
70,Joseph Smith
71,Heather Armenta
72,Jack Day
73,Jim Farfaglia
74,Shirley Boyles
75,Charles Tenbusch
76,Judith Roll
77,Dorothy Numbers
78,Jackie Forbes
79,Claudia Lee
80,Zoe Froman
81,Kelly Obrien
82,David Nicholson
83,Jerry Wagner
84,Anthony Marino
85,Tony Williams
86,Raguel Price
87,Faith Nelson
88,Nancy Clark
89,Hyman Aronson
90,Lance Boling
91,Wendy Storey
92,Ami Mori
93,Tammy Tanner
94,Josephine Hill
95,Deborah Armbruster
96,Desiree Riley
97,Joann Brand
98,Maria Griffin
99,Brady Landrum
100,Guillermo Stanley
101,Emerson Goulet
102,Yvonne Cano
103,John Spring
104,Gary Jones
105,Russell Anderson
106,Clyde Silva
107,Raymond Ward
108,Cynthia Taylor
109,Jarrett Moreno
110,Martha Mateo
111,Michael Beasley
112,Michael Quintana
113,Claire Favila
114,Amos Dowd
115,Cary Plummer
116,Charlotte Rudolph
117,Shizuko Thibodeaux
118,John Williams
119,Lillie Nam
120,Theodore Burroughs
121,Patricia Greene
122,Peggy Bethea
123,Lucille Byun
124,Robert Dunmore
125,Sophie Nguyen
126,Omar Yu
127,Devin Sowl
128,Kimberlee Miller
129,Valeria Mize
130,Edward Bishop
131,Gregory Williamson
132,Stacy Eshom
133,Vicky Browder
134,Martha Freeze
135,Cecil Williams
136,Darlene Rosemond
137,William Howard
138,Sara Eyler
139,David Rosa
140,Diane Durkin
141,Gladys Ingram
142,Roy Woods
143,Trevor Wood
144,Joann Sylvestre
145,Christie Guy
146,Peggy Blevins
147,Jayme Leech
148,David Beachum
149,Cynthia Lee
150,Levi Harrison
151,Richard Nash
152,Brenda Moncivais
153,Peter Owen
154,Mary Harris
155,Joann Querry
156,George Tappin
157,Manda Macdowell
158,Roberto Kim
159,Jacob Bell
160,Geraldine Jones
161,Mary Waldeck
162,Ardith Polich
163,Rita Begum
164,Maryann Moore
165,Ronald Burley
166,Maxine Walker
167,Thomas Heard
168,Russell Anderson
169,Ramiro Wheeler
170,Alberta Gibbs
171,Pamela Lewis
172,Whitney Strock
173,Jim Johnson
174,Richard Woodward
175,Paul Quinn
176,Ronald Arnett
177,Timothy Merrill
178,Charles Faulkner
179,Wendell Jurasek
